Andy,Andy,Andy,Andy
Betty,Betty,Betty,Betty
Caren,Caren,Caren,Caren
Daryl,Daryl,Daryl,Daryl
Ethan,Ethan,Ethan,Ethan
Fiona,Fiona,Fiona,Fiona
Gino,Gino,Gino,Gino
Helen,Helen,Helen,Helen
Ivy,Ivy,Ivy,Ivy
Jay,Jay,Jay,Jay
Katty,Katty,Katty,Katty
Linda,Linda,Linda,Linda
Mandy,Mandy,Mandy,Mandy
Nancy,Nancy,Nancy,Nancy